gene,CONSEL_hypo0,IQTree_hypo0,IQTree2_hypo0,runtime_CONSEL,runtime_IQTree,runtime_IQTree2
ndhD_ex,0.06s,0.0574s,0.0559s,5.354,9.192,9.001
clpP_ex,0.001*s,0.000558*s,0.000528*s,2.891,4.65,4.834
rps19_ex,0.016*s,0.0169*s,0.0169*s,1.875,3.86,4.564
rbcL_ex,0.005*s,0.00363*s,0.00247*s,4.895,5.984,7.021
rpl2_ex,0.146s,0.153s,0.148s,2.823,5.083,5.413
rps4_ex,0.023*s,0.0305*s,0.0227*s,2.426,4.21,4.596
accD_ex,0.096s,0.0954s,0.104s,13.395,19.078,13.883
atpH_ex,0.013*s,0.0178*s,0.0178*s,0.937,1.607,1.615
ndhA_ex,0.027*s,0.0279*s,0.0302*s,3.891,6.637,7.031
rps14_ex,0.057s,0.0544s,0.0628s,1.217,1.872,2.133
psbE_ex,0.0004*s,0.000906*s,0.00119*s,1.07,1.411,1.483
rpoC1_ex,0.17s,0.173s,0.183s,7.084,13.075,16.712
psbN_ex,0.005*s,0.00533*s,0.00519*s,0.661,0.951,1.044
petN_ex,0.001*s,0.00085*s,0.00269*s,0.528,0.411,0.484
psbK_ex,0.188s,0.193s,0.188s,0.826,1.32,1.479
psaJ_ex,7e-08*s,0.00153*s,0.0018*s,0.885,2.702,2.844
psbT_ex,0.0001*s,0.000483*s,0.00024*s,0.746,1.39,1.542
rpl14_ex,0.022*s,0.0199*s,0.0181*s,1.558,2.223,2.253
ndhF_ex,0.019*s,0.0207*s,0.0193*s,8.254,13.295,12.961
rps18_ex,0.067s,0.0834s,0.0867s,3.138,7.341,6.472
atpE_ex,0.09s,0.0887s,0.0818s,1.667,2.631,2.302
petA_ex,0.039*s,0.0341*s,0.0347*s,3.055,5.654,5.608
rpl36_ex,0.0002*s,0.000456*s,0.001*s,0.581,0.907,0.955
rps11_ex,0.027*s,0.0325*s,0.0302*s,1.798,2.934,2.855
psbZ_ex,0.001*s,0.000928*s,0.000982*s,0.959,0.902,0.928
rps15_ex,0.075s,0.0821s,0.0819s,1.247,1.584,1.445
rpl20_ex,0.013*s,0.0105*s,0.00841*s,1.932,2.55,2.795
rps8_ex,0.017*s,0.0177*s,0.0163*s,1.621,2.428,2.966
rpl32_ex,0*s,0.00266*s,0.00281*s,0.035,2.486,2.435
petG_ex,2e-05*s,2.2e-08*s,7.26e-09*s,0.563,0.918,1.102
rps3_ex,0.239s,0.235s,0.229s,3.093,4.978,4.747
petL_ex,0.0004*s,0.00163*s,0.00144*s,0.517,1.232,1.426
psaI_ex,0.001*s,0.000443*s,0.000615*s,0.585,1.061,1.247
psbJ_ex,1e-06*s,3.8e-05*s,3.75e-06*s,0.625,1.196,1.426
psaC_ex,0.003*s,0.00138*s,0.00144*s,1.014,1.666,1.669
rps7_ex,0.02*s,0.0212*s,0.0189*s,2.198,2.883,3.512
ndhC_ex,0.016*s,0.0145*s,0.0133*s,1.356,2.102,2.018
psbI_ex,0.0003*s,0.000145*s,0.000103*s,0.569,0.97,0.974
psbF_ex,3e-13*s,1.19e-79*s,5.14e-06*s,0.66,0.542,0.579
rpoB_ex,0.161s,0.169s,0.177s,11.485,19.009,18.146
rps12_ex,0.009*s,0.0143*s,0.0139*s,1.259,1.797,2.117
psbC_ex,0.014*s,0.0149*s,0.0125*s,3.943,6.872,5.438
rpoA_ex,0.03*s,0.0277*s,0.0262*s,4.547,8.384,7.967
rps2_ex,0.059s,0.0741s,0.0673s,2.9,5.52,5.792
ndhJ_ex,0.001*s,0.00122*s,0.000756*s,1.717,2.555,2.415
rpl22_ex,0.019*s,0.0163*s,0.0186*s,2.515,3.36,3.146
ndhK_ex,0.333s,0.314s,0.333s,2.58,4.105,4.055
psbL_ex,0.002*s,0.00278*s,0.00341*s,1.359,0.441,0.483
psaA_ex,0.252s,0.243s,0.262s,6.139,10.415,12.487
atpB_ex,0.069s,0.0618s,0.059s,4.777,9.75,11.99
rpl16_ex,0.034*s,0.0299*s,0.032*s,1.699,2.418,2.357
ndhE_ex,0.008*s,0.0102*s,0.00945*s,1.106,1.695,1.56
petD_ex,0.024*s,0.0268*s,0.0241*s,1.845,2.796,3.222
petB_ex,0.056s,0.0603s,0.0619s,2.137,3.862,4.063
ndhG_ex,0.036*s,0.0418*s,0.0362*s,2.046,3.143,2.694
ndhB_ex,0.088s,0.0919s,0.0929s,4.777,8.123,9.433
psbH_ex,0.053s,0.0448*s,0.0454*s,0.982,1.535,1.526
psbM_ex,2e-08*s,4.48e-05*s,2.27e-05*s,0.59,1.135,1.201
matK_ex,0.009*s,0.0104*s,0.00743*s,6.505,9.361,8.791
ccsA_ex,0.082s,0.0902s,0.0958s,3.482,5.769,5.055
psbB_ex,0.231s,0.226s,0.215s,4.634,6.992,6.915
rpl23_ex,0.015*s,0.0169*s,0.0175*s,1.338,3.135,2.996
ndhH_ex,0.109s,0.116s,0.106s,3.581,5.886,6.53
psbD_ex,6e-75*s,3.2e-116*s,4.34e-23*s,2.853,5.506,6.158
ycf1_auto_ex,0.109s,0.118s,0.109s,37.149,103.936,91.169
ndhI_ex,0.068s,0.0658s,0.0592s,1.944,2.936,3.472
rps16_ex,0.069s,0.0716s,0.0597s,1.514,2.776,2.662
ycf4_ex,0.01*s,0.0104*s,0.00949*s,2.115,3.526,4.301
atpI_ex,0.095s,0.097s,0.107s,2.414,4.666,5.613
rpoC2_ex,0.218s,0.234s,0.231s,15.86,28.02,27.158
atpF_ex,0.023*s,0.0317*s,0.0317*s,2.056,3.427,4.086
ycf3_ex,0.157s,0.141s,0.165s,1.696,3.234,3.097
atpA_ex,0.081s,0.0848s,0.0744s,4.5,9.683,8.087
psaB_ex,0.132s,0.122s,0.131s,5.934,11.505,13.089
ycf2_auto_ex,0.024*s,0.0232*s,0.0242*s,27.256,204.838,175.596
psbA_ex,0.114s,0.129s,0.125s,3.304,4.813,5.154
cemA_ex,0*s,0.17s,0.175s,0.038,4.73,5.877
rpl33_ex,0.001*s,0.000704*s,0.00172*s,1.085,1.633,1.626
